"Date","AQS_SITE_ID","POC","Daily Mean PM2.5 Concentration","UNITS","DAILY_AQI_VALUE","DAILY_OBS_COUNT","PERCENT_COMPLETE","AQS_PARAMETER_CODE","AQS_PARAMETER_DESC","CBSA_CODE","CBSA_NAME","STATE_CODE","STATE","COUNTY_CODE","COUNTY","SITE_LATITUDE","SITE_LONGITUDE"
"01/01/2018","020900010","1","27.5","ug/m3 LC","83","1","100.0000","88101","PM2.5 - Local Conditions","21820","Fairbanks, AK","02","Alaska","090","Fairbanks North Star","64.8406720245917","-147.722461331658"
"01/02/2018","020900010","1","18.2","ug/m3 LC","64","1","100.0000","88101","PM2.5 - Local Conditions","21820","Fairbanks, AK","02","Alaska","090","Fairbanks North Star","64.8406720245917","-147.722461331658"
"01/03/2018","020900010","1","22.2","ug/m3 LC","72","1","100.0000","88101","PM2.5 - Local Conditions","21820","Fairbanks, AK","02","Alaska","090","Fairbanks North Star","64.8406720245917","-147.722461331658"
"01/04/2018","020900010","1","15.3","ug/m3 LC","58","1","100.0000","88101","PM2.5 - Local Conditions","21820","Fairbanks, AK","02","Alaska","090","Fairbanks North Star","64.8406720245917","-147.722461331658"
"01/05/2018","020900010","1","16.4","ug/m3 LC","60","1","100.0000","88101","PM2.5 - Local Conditions","21820","Fairbanks, AK","02","Alaska","090","Fairbanks North Star","64.8406720245917","-147.722461331658"
"01/06/2018","020900010","1","12.9","ug/m3 LC","53","1","100.0000","88101","PM2.5 - Local Conditions","21820","Fairbanks, AK","02","Alaska","090","Fairbanks North Star","64.8406720245917","-147.722461331658"
"01/07/2018","020900010","1","24.5","ug/m3 LC","77","1","100.0000","88101","PM2.5 - Local Conditions","21820","Fairbanks, AK","02","Alaska","090","Fairbanks North Star","64.8406720245917","-147.722461331658"
"01/08/2018","020900010","1","19.3","ug/m3 LC","66","1","100.0000","88101","PM2.5 - Local Conditions","21820","Fairbanks, AK","02","Alaska","090","Fairbanks North Star","64.8406720245917","-147.722461331658"
"01/09/2018","020900010","1","7","ug/m3 LC","29","1","100.0000","88101","PM2.5 - Local Conditions","21820","Fairbanks, AK","02","Alaska","090","Fairbanks North Star","64.8406720245917","-147.722461331658"
"01/13/2018","020900010","1","23.5","ug/m3 LC","75","1","100.0000","88101","PM2.5 - Local Conditions","21820","Fairbanks, AK","02","Alaska","090","Fairbanks North Star","64.8406720245917","-147.722461331658"
"01/14/2018","020900010","1","13.9","ug/m3 LC","55","1","100.0000","88101","PM2.5 - Local Conditions","21820","Fairbanks, AK","02","Alaska","090","Fairbanks North Star","64.8406720245917","-147.722461331658"
"01/15/2018","020900010","1","18.4","ug/m3 LC","64","1","100.0000","88101","PM2.5 - Local Conditions","21820","Fairbanks, AK","02","Alaska","090","Fairbanks North Star","64.8406720245917","-147.722461331658"
"01/16/2018","020900010","1","23.3","ug/m3 LC","75","1","100.0000","88101","PM2.5 - Local Conditions","21820","Fairbanks, AK","02","Alaska","090","Fairbanks North Star","64.8406720245917","-147.722461331658"
"01/17/2018","020900010","1","18.5","ug/m3 LC","64","1","100.0000","88101","PM2.5 - Local Conditions","21820","Fairbanks, AK","02","Alaska","090","Fairbanks North Star","64.8406720245917","-147.722461331658"
"01/18/2018","020900010","1","9","ug/m3 LC","38","1","100.0000","88101","PM2.5 - Local Conditions","21820","Fairbanks, AK","02","Alaska","090","Fairbanks North Star","64.8406720245917","-147.722461331658"
"01/19/2018","020900010","1","4.4","ug/m3 LC","18","1","100.0000","88101","PM2.5 - Local Conditions","21820","Fairbanks, AK","02","Alaska","090","Fairbanks North Star","64.8406720245917","-147.722461331658"
"01/20/2018","020900010","1","3.4","ug/m3 LC","14","1","100.0000","88101","PM2.5 - Local Conditions","21820","Fairbanks, AK","02","Alaska","090","Fairbanks North Star","64.8406720245917","-147.722461331658"
"01/21/2018","020900010","1","13.4","ug/m3 LC","54","1","100.0000","88101","PM2.5 - Local Conditions","21820","Fairbanks, AK","02","Alaska","090","Fairbanks North Star","64.8406720245917","-147.722461331658"
"01/22/2018","020900010","1","10.4","ug/m3 LC","43","1","100.0000","88101","PM2.5 - Local Conditions","21820","Fairbanks, AK","02","Alaska","090","Fairbanks North Star","64.8406720245917","-147.722461331658"
"01/26/2018","020900010","1","27.7","ug/m3 LC","84","1","100.0000","88101","PM2.5 - Local Conditions","21820","Fairbanks, AK","02","Alaska","090","Fairbanks North Star","64.8406720245917","-147.722461331658"
"01/27/2018","020900010","1","20.6","ug/m3 LC","69","1","100.0000","88101","PM2.5 - Local Conditions","21820","Fairbanks, AK","02","Alaska","090","Fairbanks North Star","64.8406720245917","-147.722461331658"
"01/28/2018","020900010","1","21.2","ug/m3 LC","70","1","100.0000","88101","PM2.5 - Local Conditions","21820","Fairbanks, AK","02","Alaska","090","Fairbanks North Star","64.8406720245917","-147.722461331658"
"01/29/2018","020900010","1","31.3","ug/m3 LC","91","1","100.0000","88101","PM2.5 - Local Conditions","21820","Fairbanks, AK","02","Alaska","090","Fairbanks North Star","64.8406720245917","-147.722461331658"
"02/02/2018","020900010","1","46.9","ug/m3 LC","129","1","100.0000","88101","PM2.5 - Local Conditions","21820","Fairbanks, AK","02","Alaska","090","Fairbanks North Star","64.8406720245917","-147.722461331658"
"02/03/2018","020900010","1","24.1","ug/m3 LC","76","1","100.0000","88101","PM2.5 - Local Conditions","21820","Fairbanks, AK","02","Alaska","090","Fairbanks North Star","64.8406720245917","-147.722461331658"
"02/04/2018","020900010","1","33.4","ug/m3 LC","96","1","100.0000","88101","PM2.5 - Local Conditions","21820","Fairbanks, AK","02","Alaska","090","Fairbanks North Star","64.8406720245917","-147.722461331658"
"02/05/2018","020900010","1","41.7","ug/m3 LC","116","1","100.0000","88101","PM2.5 - Local Conditions","21820","Fairbanks, AK","02","Alaska","090","Fairbanks North Star","64.8406720245917","-147.722461331658"
"02/06/2018","020900010","1","23.9","ug/m3 LC","76","1","100.0000","88101","PM2.5 - Local Conditions","21820","Fairbanks, AK","02","Alaska","090","Fairbanks North Star","64.8406720245917","-147.722461331658"
"02/07/2018","020900010","1","47.2","ug/m3 LC","130","1","100.0000","88101","PM2.5 - Local Conditions","21820","Fairbanks, AK","02","Alaska","090","Fairbanks North Star","64.8406720245917","-147.722461331658"
"02/08/2018","020900010","1","42.4","ug/m3 LC","118","1","100.0000","88101","PM2.5 - Local Conditions","21820","Fairbanks, AK","02","Alaska","090","Fairbanks North Star","64.8406720245917","-147.722461331658"
"02/09/2018","020900010","1","52.4","ug/m3 LC","143","1","100.0000","88101","PM2.5 - Local Conditions","21820","Fairbanks, AK","02","Alaska","090","Fairbanks North Star","64.8406720245917","-147.722461331658"
"02/10/2018","020900010","1","32.7","ug/m3 LC","94","1","100.0000","88101","PM2.5 - Local Conditions","21820","Fairbanks, AK","02","Alaska","090","Fairbanks North Star","64.8406720245917","-147.722461331658"
"02/11/2018","020900010","1","21.5","ug/m3 LC","71","1","100.0000","88101","PM2.5 - Local Conditions","21820","Fairbanks, AK","02","Alaska","090","Fairbanks North Star","64.8406720245917","-147.722461331658"
"02/12/2018","020900010","1","11.6","ug/m3 LC","48","1","100.0000","88101","PM2.5 - Local Conditions","21820","Fairbanks, AK","02","Alaska","090","Fairbanks North Star","64.8406720245917","-147.722461331658"
"02/13/2018","020900010","1","2.2","ug/m3 LC","9","1","100.0000","88101","PM2.5 - Local Conditions","21820","Fairbanks, AK","02","Alaska","090","Fairbanks North Star","64.8406720245917","-147.722461331658"
"02/14/2018","020900010","1","2.4","ug/m3 LC","10","1","100.0000","88101","PM2.5 - Local Conditions","21820","Fairbanks, AK","02","Alaska","090","Fairbanks North Star","64.8406720245917","-147.722461331658"
"02/15/2018","020900010","1","5.1","ug/m3 LC","21","1","100.0000","88101","PM2.5 - Local Conditions","21820","Fairbanks, AK","02","Alaska","090","Fairbanks North Star","64.8406720245917","-147.722461331658"
"02/16/2018","020900010","1","9.7","ug/m3 LC","40","1","100.0000","88101","PM2.5 - Local Conditions","21820","Fairbanks, AK","02","Alaska","090","Fairbanks North Star","64.8406720245917","-147.722461331658"
"02/17/2018","020900010","1","9.4","ug/m3 LC","39","1","100.0000","88101","PM2.5 - Local Conditions","21820","Fairbanks, AK","02","Alaska","090","Fairbanks North Star","64.8406720245917","-147.722461331658"
"02/18/2018","020900010","1","14","ug/m3 LC","55","1","100.0000","88101","PM2.5 - Local Conditions","21820","Fairbanks, AK","02","Alaska","090","Fairbanks North Star","64.8406720245917","-147.722461331658"
"02/19/2018","020900010","1","8.5","ug/m3 LC","35","1","100.0000","88101","PM2.5 - Local Conditions","21820","Fairbanks, AK","02","Alaska","090","Fairbanks North Star","64.8406720245917","-147.722461331658"
"02/20/2018","020900010","1","6.6","ug/m3 LC","28","1","100.0000","88101","PM2.5 - Local Conditions","21820","Fairbanks, AK","02","Alaska","090","Fairbanks North Star","64.8406720245917","-147.722461331658"
"02/21/2018","020900010","1","19.5","ug/m3 LC","67","1","100.0000","88101","PM2.5 - Local Conditions","21820","Fairbanks, AK","02","Alaska","090","Fairbanks North Star","64.8406720245917","-147.722461331658"
"02/22/2018","020900010","1","5.2","ug/m3 LC","22","1","100.0000","88101","PM2.5 - Local Conditions","21820","Fairbanks, AK","02","Alaska","090","Fairbanks North Star","64.8406720245917","-147.722461331658"
"02/23/2018","020900010","1","4.7","ug/m3 LC","20","1","100.0000","88101","PM2.5 - Local Conditions","21820","Fairbanks, AK","02","Alaska","090","Fairbanks North Star","64.8406720245917","-147.722461331658"
"02/24/2018","020900010","1","10.3","ug/m3 LC","43","1","100.0000","88101","PM2.5 - Local Conditions","21820","Fairbanks, AK","02","Alaska","090","Fairbanks North Star","64.8406720245917","-147.722461331658"
"02/25/2018","020900010","1","1.7","ug/m3 LC","7","1","100.0000","88101","PM2.5 - Local Conditions","21820","Fairbanks, AK","02","Alaska","090","Fairbanks North Star","64.8406720245917","-147.722461331658"
"02/26/2018","020900010","1","3.4","ug/m3 LC","14","1","100.0000","88101","PM2.5 - Local Conditions","21820","Fairbanks, AK","02","Alaska","090","Fairbanks North Star","64.8406720245917","-147.722461331658"
"02/28/2018","020900010","1","12.6","ug/m3 LC","52","1","100.0000","88101","PM2.5 - Local Conditions","21820","Fairbanks, AK","02","Alaska","090","Fairbanks North Star","64.8406720245917","-147.722461331658"
"03/01/2018","020900010","1","13.7","ug/m3 LC","54","1","100.0000","88101","PM2.5 - Local Conditions","21820","Fairbanks, AK","02","Alaska","090","Fairbanks North Star","64.8406720245917","-147.722461331658"
"03/02/2018","020900010","1","9.2","ug/m3 LC","38","1","100.0000","88101","PM2.5 - Local Conditions","21820","Fairbanks, AK","02","Alaska","090","Fairbanks North Star","64.8406720245917","-147.722461331658"
"03/03/2018","020900010","1","7.7","ug/m3 LC","32","1","100.0000","88101","PM2.5 - Local Conditions","21820","Fairbanks, AK","02","Alaska","090","Fairbanks North Star","64.8406720245917","-147.722461331658"
"03/04/2018","020900010","1","6.7","ug/m3 LC","28","1","100.0000","88101","PM2.5 - Local Conditions","21820","Fairbanks, AK","02","Alaska","090","Fairbanks North Star","64.8406720245917","-147.722461331658"
"03/05/2018","020900010","1","11.4","ug/m3 LC","48","1","100.0000","88101","PM2.5 - Local Conditions","21820","Fairbanks, AK","02","Alaska","090","Fairbanks North Star","64.8406720245917","-147.722461331658"
"03/06/2018","020900010","1","3.7","ug/m3 LC","15","1","100.0000","88101","PM2.5 - Local Conditions","21820","Fairbanks, AK","02","Alaska","090","Fairbanks North Star","64.8406720245917","-147.722461331658"
"03/07/2018","020900010","1","12.4","ug/m3 LC","52","1","100.0000","88101","PM2.5 - Local Conditions","21820","Fairbanks, AK","02","Alaska","090","Fairbanks North Star","64.8406720245917","-147.722461331658"
"03/08/2018","020900010","1","10.7","ug/m3 LC","45","1","100.0000","88101","PM2.5 - Local Conditions","21820","Fairbanks, AK","02","Alaska","090","Fairbanks North Star","64.8406720245917","-147.722461331658"
"03/09/2018","020900010","1","4.9","ug/m3 LC","20","1","100.0000","88101","PM2.5 - Local Conditions","21820","Fairbanks, AK","02","Alaska","090","Fairbanks North Star","64.8406720245917","-147.722461331658"
"03/10/2018","020900010","1","10.1","ug/m3 LC","42","1","100.0000","88101","PM2.5 - Local Conditions","21820","Fairbanks, AK","02","Alaska","090","Fairbanks North Star","64.8406720245917","-147.722461331658"
"03/11/2018","020900010","1","16.4","ug/m3 LC","60","1","100.0000","88101","PM2.5 - Local Conditions","21820","Fairbanks, AK","02","Alaska","090","Fairbanks North Star","64.8406720245917","-147.722461331658"
"03/12/2018","020900010","1","10.3","ug/m3 LC","43","1","100.0000","88101","PM2.5 - Local Conditions","21820","Fairbanks, AK","02","Alaska","090","Fairbanks North Star","64.8406720245917","-147.722461331658"
"03/13/2018","020900010","1","11.2","ug/m3 LC","47","1","100.0000","88101","PM2.5 - Local Conditions","21820","Fairbanks, AK","02","Alaska","090","Fairbanks North Star","64.8406720245917","-147.722461331658"
"03/14/2018","020900010","1","2.9","ug/m3 LC","12","1","100.0000","88101","PM2.5 - Local Conditions","21820","Fairbanks, AK","02","Alaska","090","Fairbanks North Star","64.8406720245917","-147.722461331658"
"03/15/2018","020900010","1","5","ug/m3 LC","21","1","100.0000","88101","PM2.5 - Local Conditions","21820","Fairbanks, AK","02","Alaska","090","Fairbanks North Star","64.8406720245917","-147.722461331658"
"03/16/2018","020900010","1","9.2","ug/m3 LC","38","1","100.0000","88101","PM2.5 - Local Conditions","21820","Fairbanks, AK","02","Alaska","090","Fairbanks North Star","64.8406720245917","-147.722461331658"
"03/17/2018","020900010","1","6.9","ug/m3 LC","29","1","100.0000","88101","PM2.5 - Local Conditions","21820","Fairbanks, AK","02","Alaska","090","Fairbanks North Star","64.8406720245917","-147.722461331658"
"03/18/2018","020900010","1","4.9","ug/m3 LC","20","1","100.0000","88101","PM2.5 - Local Conditions","21820","Fairbanks, AK","02","Alaska","090","Fairbanks North Star","64.8406720245917","-147.722461331658"
"03/19/2018","020900010","1","4.6","ug/m3 LC","19","1","100.0000","88101","PM2.5 - Local Conditions","21820","Fairbanks, AK","02","Alaska","090","Fairbanks North Star","64.8406720245917","-147.722461331658"
"03/20/2018","020900010","1","5.2","ug/m3 LC","22","1","100.0000","88101","PM2.5 - Local Conditions","21820","Fairbanks, AK","02","Alaska","090","Fairbanks North Star","64.8406720245917","-147.722461331658"
"03/21/2018","020900010","1","7.4","ug/m3 LC","31","1","100.0000","88101","PM2.5 - Local Conditions","21820","Fairbanks, AK","02","Alaska","090","Fairbanks North Star","64.8406720245917","-147.722461331658"
"03/22/2018","020900010","1","9.2","ug/m3 LC","38","1","100.0000","88101","PM2.5 - Local Conditions","21820","Fairbanks, AK","02","Alaska","090","Fairbanks North Star","64.8406720245917","-147.722461331658"
"03/23/2018","020900010","1","6.3","ug/m3 LC","26","1","100.0000","88101","PM2.5 - Local Conditions","21820","Fairbanks, AK","02","Alaska","090","Fairbanks North Star","64.8406720245917","-147.722461331658"
"03/24/2018","020900010","1","8.7","ug/m3 LC","36","1","100.0000","88101","PM2.5 - Local Conditions","21820","Fairbanks, AK","02","Alaska","090","Fairbanks North Star","64.8406720245917","-147.722461331658"
"03/25/2018","020900010","1","3.9","ug/m3 LC","16","1","100.0000","88101","PM2.5 - Local Conditions","21820","Fairbanks, AK","02","Alaska","090","Fairbanks North Star","64.8406720245917","-147.722461331658"
"03/26/2018","020900010","1","4.6","ug/m3 LC","19","1","100.0000","88101","PM2.5 - Local Conditions","21820","Fairbanks, AK","02","Alaska","090","Fairbanks North Star","64.8406720245917","-147.722461331658"
"03/27/2018","020900010","1","9.8","ug/m3 LC","41","1","100.0000","88101","PM2.5 - Local Conditions","21820","Fairbanks, AK","02","Alaska","090","Fairbanks North Star","64.8406720245917","-147.722461331658"
"03/28/2018","020900010","1","10.9","ug/m3 LC","45","1","100.0000","88101","PM2.5 - Local Conditions","21820","Fairbanks, AK","02","Alaska","090","Fairbanks North Star","64.8406720245917","-147.722461331658"
"03/30/2018","020900010","1","4.6","ug/m3 LC","19","1","100.0000","88101","PM2.5 - Local Conditions","21820","Fairbanks, AK","02","Alaska","090","Fairbanks North Star","64.8406720245917","-147.722461331658"
"03/31/2018","020900010","1","5.7","ug/m3 LC","24","1","100.0000","88101","PM2.5 - Local Conditions","21820","Fairbanks, AK","02","Alaska","090","Fairbanks North Star","64.8406720245917","-147.722461331658"
"01/02/2018","020900010","2","17.2","ug/m3 LC","62","1","100.0000","88101","PM2.5 - Local Conditions","21820","Fairbanks, AK","02","Alaska","090","Fairbanks North Star","64.8406720245917","-147.722461331658"
"01/08/2018","020900010","2","18.6","ug/m3 LC","65","1","100.0000","88101","PM2.5 - Local Conditions","21820","Fairbanks, AK","02","Alaska","090","Fairbanks North Star","64.8406720245917","-147.722461331658"
"01/14/2018","020900010","2","13.6","ug/m3 LC","54","1","100.0000","88101","PM2.5 - Local Conditions","21820","Fairbanks, AK","02","Alaska","090","Fairbanks North Star","64.8406720245917","-147.722461331658"
"01/20/2018","020900010","2","3.6","ug/m3 LC","15","1","100.0000","88101","PM2.5 - Local Conditions","21820","Fairbanks, AK","02","Alaska","090","Fairbanks North Star","64.8406720245917","-147.722461331658"
"02/01/2018","020900010","2","27","ug/m3 LC","82","1","100.0000","88101","PM2.5 - Local Conditions","21820","Fairbanks, AK","02","Alaska","090","Fairbanks North Star","64.8406720245917","-147.722461331658"
"02/07/2018","020900010","2","45.7","ug/m3 LC","126","1","100.0000","88101","PM2.5 - Local Conditions","21820","Fairbanks, AK","02","Alaska","090","Fairbanks North Star","64.8406720245917","-147.722461331658"
"02/19/2018","020900010","2","8","ug/m3 LC","33","1","100.0000","88101","PM2.5 - Local Conditions","21820","Fairbanks, AK","02","Alaska","090","Fairbanks North Star","64.8406720245917","-147.722461331658"
"02/25/2018","020900010","2","1.7","ug/m3 LC","7","1","100.0000","88101","PM2.5 - Local Conditions","21820","Fairbanks, AK","02","Alaska","090","Fairbanks North Star","64.8406720245917","-147.722461331658"
"03/03/2018","020900010","2","7.3","ug/m3 LC","30","1","100.0000","88101","PM2.5 - Local Conditions","21820","Fairbanks, AK","02","Alaska","090","Fairbanks North Star","64.8406720245917","-147.722461331658"
"03/09/2018","020900010","2","4.5","ug/m3 LC","19","1","100.0000","88101","PM2.5 - Local Conditions","21820","Fairbanks, AK","02","Alaska","090","Fairbanks North Star","64.8406720245917","-147.722461331658"
"03/15/2018","020900010","2","4.1","ug/m3 LC","17","1","100.0000","88101","PM2.5 - Local Conditions","21820","Fairbanks, AK","02","Alaska","090","Fairbanks North Star","64.8406720245917","-147.722461331658"
"03/21/2018","020900010","2","7.6","ug/m3 LC","32","1","100.0000","88101","PM2.5 - Local Conditions","21820","Fairbanks, AK","02","Alaska","090","Fairbanks North Star","64.8406720245917","-147.722461331658"
"03/27/2018","020900010","2","9.6","ug/m3 LC","40","1","100.0000","88101","PM2.5 - Local Conditions","21820","Fairbanks, AK","02","Alaska","090","Fairbanks North Star","64.8406720245917","-147.722461331658"
"01/01/2018","020900034","1","26.2","ug/m3 LC","81","1","100.0000","88101","PM2.5 - Local Conditions","21820","Fairbanks, AK","02","Alaska","090","Fairbanks North Star","64.84569","-147.727413"
"01/02/2018","020900034","1","15.1","ug/m3 LC","57","1","100.0000","88101","PM2.5 - Local Conditions","21820","Fairbanks, AK","02","Alaska","090","Fairbanks North Star","64.84569","-147.727413"
"01/03/2018","020900034","1","22.8","ug/m3 LC","74","1","100.0000","88101","PM2.5 - Local Conditions","21820","Fairbanks, AK","02","Alaska","090","Fairbanks North Star","64.84569","-147.727413"
"01/04/2018","020900034","1","14.5","ug/m3 LC","56","1","100.0000","88101","PM2.5 - Local Conditions","21820","Fairbanks, AK","02","Alaska","090","Fairbanks North Star","64.84569","-147.727413"
"01/05/2018","020900034","1","19.4","ug/m3 LC","66","1","100.0000","88101","PM2.5 - Local Conditions","21820","Fairbanks, AK","02","Alaska","090","Fairbanks North Star","64.84569","-147.727413"
"01/06/2018","020900034","1","12.4","ug/m3 LC","52","1","100.0000","88101","PM2.5 - Local Conditions","21820","Fairbanks, AK","02","Alaska","090","Fairbanks North Star","64.84569","-147.727413"
"01/07/2018","020900034","1","24.7","ug/m3 LC","77","1","100.0000","88101","PM2.5 - Local Conditions","21820","Fairbanks, AK","02","Alaska","090","Fairbanks North Star","64.84569","-147.727413"
"01/08/2018","020900034","1","21.4","ug/m3 LC","71","1","100.0000","88101","PM2.5 - Local Conditions","21820","Fairbanks, AK","02","Alaska","090","Fairbanks North Star","64.84569","-147.727413"
"01/09/2018","020900034","1","10.5","ug/m3 LC","44","1","100.0000","88101","PM2.5 - Local Conditions","21820","Fairbanks, AK","02","Alaska","090","Fairbanks North Star","64.84569","-147.727413"
"01/10/2018","020900034","1","22.5","ug/m3 LC","73","1","100.0000","88101","PM2.5 - Local Conditions","21820","Fairbanks, AK","02","Alaska","090","Fairbanks North Star","64.84569","-147.727413"
"01/13/2018","020900034","1","18.7","ug/m3 LC","65","1","100.0000","88101","PM2.5 - Local Conditions","21820","Fairbanks, AK","02","Alaska","090","Fairbanks North Star","64.84569","-147.727413"
"01/14/2018","020900034","1","11.9","ug/m3 LC","50","1","100.0000","88101","PM2.5 - Local Conditions","21820","Fairbanks, AK","02","Alaska","090","Fairbanks North Star","64.84569","-147.727413"
"01/15/2018","020900034","1","16","ug/m3 LC","59","1","100.0000","88101","PM2.5 - Local Conditions","21820","Fairbanks, AK","02","Alaska","090","Fairbanks North Star","64.84569","-147.727413"
"01/16/2018","020900034","1","18.7","ug/m3 LC","65","1","100.0000","88101","PM2.5 - Local Conditions","21820","Fairbanks, AK","02","Alaska","090","Fairbanks North Star","64.84569","-147.727413"
"01/17/2018","020900034","1","14","ug/m3 LC","55","1","100.0000","88101","PM2.5 - Local Conditions","21820","Fairbanks, AK","02","Alaska","090","Fairbanks North Star","64.84569","-147.727413"
"01/18/2018","020900034","1","7.9","ug/m3 LC","33","1","100.0000","88101","PM2.5 - Local Conditions","21820","Fairbanks, AK","02","Alaska","090","Fairbanks North Star","64.84569","-147.727413"
"01/19/2018","020900034","1","8.9","ug/m3 LC","37","1","100.0000","88101","PM2.5 - Local Conditions","21820","Fairbanks, AK","02","Alaska","090","Fairbanks North Star","64.84569","-147.727413"
"01/20/2018","020900034","1","3","ug/m3 LC","13","1","100.0000","88101","PM2.5 - Local Conditions","21820","Fairbanks, AK","02","Alaska","090","Fairbanks North Star","64.84569","-147.727413"
"01/21/2018","020900034","1","11.9","ug/m3 LC","50","1","100.0000","88101","PM2.5 - Local Conditions","21820","Fairbanks, AK","02","Alaska","090","Fairbanks North Star","64.84569","-147.727413"
"01/22/2018","020900034","1","8.9","ug/m3 LC","37","1","100.0000","88101","PM2.5 - Local Conditions","21820","Fairbanks, AK","02","Alaska","090","Fairbanks North Star","64.84569","-147.727413"
"01/23/2018","020900034","1","4.4","ug/m3 LC","18","1","100.0000","88101","PM2.5 - Local Conditions","21820","Fairbanks, AK","02","Alaska","090","Fairbanks North Star","64.84569","-147.727413"
"01/24/2018","020900034","1","6.4","ug/m3 LC","27","1","100.0000","88101","PM2.5 - Local Conditions","21820","Fairbanks, AK","02","Alaska","090","Fairbanks North Star","64.84569","-147.727413"
"01/25/2018","020900034","1","8.8","ug/m3 LC","37","1","100.0000","88101","PM2.5 - Local Conditions","21820","Fairbanks, AK","02","Alaska","090","Fairbanks North Star","64.84569","-147.727413"
"01/27/2018","020900034","1","18.2","ug/m3 LC","64","1","100.0000","88101","PM2.5 - Local Conditions","21820","Fairbanks, AK","02","Alaska","090","Fairbanks North Star","64.84569","-147.727413"
"01/28/2018","020900034","1","18.8","ug/m3 LC","65","1","100.0000","88101","PM2.5 - Local Conditions","21820","Fairbanks, AK","02","Alaska","090","Fairbanks North Star","64.84569","-147.727413"
"01/29/2018","020900034","1","28.4","ug/m3 LC","85","1","100.0000","88101","PM2.5 - Local Conditions","21820","Fairbanks, AK","02","Alaska","090","Fairbanks North Star","64.84569","-147.727413"
"01/30/2018","020900034","1","22.9","ug/m3 LC","74","1","100.0000","88101","PM2.5 - Local Conditions","21820","Fairbanks, AK","02","Alaska","090","Fairbanks North Star","64.84569","-147.727413"
"01/31/2018","020900034","1","15.7","ug/m3 LC","59","1","100.0000","88101","PM2.5 - Local Conditions","21820","Fairbanks, AK","02","Alaska","090","Fairbanks North Star","64.84569","-147.727413"
"02/01/2018","020900034","1","27.8","ug/m3 LC","84","1","100.0000","88101","PM2.5 - Local Conditions","21820","Fairbanks, AK","02","Alaska","090","Fairbanks North Star","64.84569","-147.727413"
"02/02/2018","020900034","1","40.1","ug/m3 LC","112","1","100.0000","88101","PM2.5 - Local Conditions","21820","Fairbanks, AK","02","Alaska","090","Fairbanks North Star","64.84569","-147.727413"
"02/03/2018","020900034","1","22.5","ug/m3 LC","73","1","100.0000","88101","PM2.5 - Local Conditions","21820","Fairbanks, AK","02","Alaska","090","Fairbanks North Star","64.84569","-147.727413"
"02/04/2018","020900034","1","30.2","ug/m3 LC","89","1","100.0000","88101","PM2.5 - Local Conditions","21820","Fairbanks, AK","02","Alaska","090","Fairbanks North Star","64.84569","-147.727413"
"02/05/2018","020900034","1","37.4","ug/m3 LC","106","1","100.0000","88101","PM2.5 - Local Conditions","21820","Fairbanks, AK","02","Alaska","090","Fairbanks North Star","64.84569","-147.727413"
"02/06/2018","020900034","1","22.3","ug/m3 LC","72","1","100.0000","88101","PM2.5 - Local Conditions","21820","Fairbanks, AK","02","Alaska","090","Fairbanks North Star","64.84569","-147.727413"
"02/07/2018","020900034","1","40.4","ug/m3 LC","113","1","100.0000","88101","PM2.5 - Local Conditions","21820","Fairbanks, AK","02","Alaska","090","Fairbanks North Star","64.84569","-147.727413"
"02/08/2018","020900034","1","34","ug/m3 LC","97","1","100.0000","88101","PM2.5 - Local Conditions","21820","Fairbanks, AK","02","Alaska","090","Fairbanks North Star","64.84569","-147.727413"
"02/09/2018","020900034","1","45.8","ug/m3 LC","126","1","100.0000","88101","PM2.5 - Local Conditions","21820","Fairbanks, AK","02","Alaska","090","Fairbanks North Star","64.84569","-147.727413"
"02/10/2018","020900034","1","28.1","ug/m3 LC","85","1","100.0000","88101","PM2.5 - Local Conditions","21820","Fairbanks, AK","02","Alaska","090","Fairbanks North Star","64.84569","-147.727413"
"02/11/2018","020900034","1","20.5","ug/m3 LC","69","1","100.0000","88101","PM2.5 - Local Conditions","21820","Fairbanks, AK","02","Alaska","090","Fairbanks North Star","64.84569","-147.727413"
"02/12/2018","020900034","1","11.4","ug/m3 LC","48","1","100.0000","88101","PM2.5 - Local Conditions","21820","Fairbanks, AK","02","Alaska","090","Fairbanks North Star","64.84569","-147.727413"
"02/13/2018","020900034","1","1.5","ug/m3 LC","6","1","100.0000","88101","PM2.5 - Local Conditions","21820","Fairbanks, AK","02","Alaska","090","Fairbanks North Star","64.84569","-147.727413"
"02/14/2018","020900034","1","2.4","ug/m3 LC","10","1","100.0000","88101","PM2.5 - Local Conditions","21820","Fairbanks, AK","02","Alaska","090","Fairbanks North Star","64.84569","-147.727413"
"02/15/2018","020900034","1","4.5","ug/m3 LC","19","1","100.0000","88101","PM2.5 - Local Conditions","21820","Fairbanks, AK","02","Alaska","090","Fairbanks North Star","64.84569","-147.727413"
"02/16/2018","020900034","1","9.4","ug/m3 LC","39","1","100.0000","88101","PM2.5 - Local Conditions","21820","Fairbanks, AK","02","Alaska","090","Fairbanks North Star","64.84569","-147.727413"
"02/17/2018","020900034","1","9.7","ug/m3 LC","40","1","100.0000","88101","PM2.5 - Local Conditions","21820","Fairbanks, AK","02","Alaska","090","Fairbanks North Star","64.84569","-147.727413"
"02/18/2018","020900034","1","15.6","ug/m3 LC","58","1","100.0000","88101","PM2.5 - Local Conditions","21820","Fairbanks, AK","02","Alaska","090","Fairbanks North Star","64.84569","-147.727413"
"02/19/2018","020900034","1","8.1","ug/m3 LC","34","1","100.0000","88101","PM2.5 - Local Conditions","21820","Fairbanks, AK","02","Alaska","090","Fairbanks North Star","64.84569","-147.727413"
"02/20/2018","020900034","1","6.1","ug/m3 LC","25","1","100.0000","88101","PM2.5 - Local Conditions","21820","Fairbanks, AK","02","Alaska","090","Fairbanks North Star","64.84569","-147.727413"
"02/21/2018","020900034","1","19.7","ug/m3 LC","67","1","100.0000","88101","PM2.5 - Local Conditions","21820","Fairbanks, AK","02","Alaska","090","Fairbanks North Star","64.84569","-147.727413"
"02/22/2018","020900034","1","5.2","ug/m3 LC","22","1","100.0000","88101","PM2.5 - Local Conditions","21820","Fairbanks, AK","02","Alaska","090","Fairbanks North Star","64.84569","-147.727413"
"02/23/2018","020900034","1","5.4","ug/m3 LC","23","1","100.0000","88101","PM2.5 - Local Conditions","21820","Fairbanks, AK","02","Alaska","090","Fairbanks North Star","64.84569","-147.727413"
"02/24/2018","020900034","1","11.4","ug/m3 LC","48","1","100.0000","88101","PM2.5 - Local Conditions","21820","Fairbanks, AK","02","Alaska","090","Fairbanks North Star","64.84569","-147.727413"
"02/25/2018","020900034","1","1.7","ug/m3 LC","7","1","100.0000","88101","PM2.5 - Local Conditions","21820","Fairbanks, AK","02","Alaska","090","Fairbanks North Star","64.84569","-147.727413"
"02/26/2018","020900034","1","3.3","ug/m3 LC","14","1","100.0000","88101","PM2.5 - Local Conditions","21820","Fairbanks, AK","02","Alaska","090","Fairbanks North Star","64.84569","-147.727413"
"02/27/2018","020900034","1","3.4","ug/m3 LC","14","1","100.0000","88101","PM2.5 - Local Conditions","21820","Fairbanks, AK","02","Alaska","090","Fairbanks North Star","64.84569","-147.727413"
"02/28/2018","020900034","1","12.5","ug/m3 LC","52","1","100.0000","88101","PM2.5 - Local Conditions","21820","Fairbanks, AK","02","Alaska","090","Fairbanks North Star","64.84569","-147.727413"
"03/01/2018","020900034","1","13.8","ug/m3 LC","55","1","100.0000","88101","PM2.5 - Local Conditions","21820","Fairbanks, AK","02","Alaska","090","Fairbanks North Star","64.84569","-147.727413"
"03/02/2018","020900034","1","8.9","ug/m3 LC","37","1","100.0000","88101","PM2.5 - Local Conditions","21820","Fairbanks, AK","02","Alaska","090","Fairbanks North Star","64.84569","-147.727413"
"03/03/2018","020900034","1","7.2","ug/m3 LC","30","1","100.0000","88101","PM2.5 - Local Conditions","21820","Fairbanks, AK","02","Alaska","090","Fairbanks North Star","64.84569","-147.727413"
"03/04/2018","020900034","1","7.2","ug/m3 LC","30","1","100.0000","88101","PM2.5 - Local Conditions","21820","Fairbanks, AK","02","Alaska","090","Fairbanks North Star","64.84569","-147.727413"
"03/05/2018","020900034","1","11.1","ug/m3 LC","46","1","100.0000","88101","PM2.5 - Local Conditions","21820","Fairbanks, AK","02","Alaska","090","Fairbanks North Star","64.84569","-147.727413"
"03/06/2018","020900034","1","4.2","ug/m3 LC","18","1","100.0000","88101","PM2.5 - Local Conditions","21820","Fairbanks, AK","02","Alaska","090","Fairbanks North Star","64.84569","-147.727413"
"03/07/2018","020900034","1","11","ug/m3 LC","46","1","100.0000","88101","PM2.5 - Local Conditions","21820","Fairbanks, AK","02","Alaska","090","Fairbanks North Star","64.84569","-147.727413"
"03/08/2018","020900034","1","15.3","ug/m3 LC","58","1","100.0000","88101","PM2.5 - Local Conditions","21820","Fairbanks, AK","02","Alaska","090","Fairbanks North Star","64.84569","-147.727413"
"03/09/2018","020900034","1","4.6","ug/m3 LC","19","1","100.0000","88101","PM2.5 - Local Conditions","21820","Fairbanks, AK","02","Alaska","090","Fairbanks North Star","64.84569","-147.727413"
"03/10/2018","020900034","1","9.7","ug/m3 LC","40","1","100.0000","88101","PM2.5 - Local Conditions","21820","Fairbanks, AK","02","Alaska","090","Fairbanks North Star","64.84569","-147.727413"
"03/11/2018","020900034","1","16.7","ug/m3 LC","61","1","100.0000","88101","PM2.5 - Local Conditions","21820","Fairbanks, AK","02","Alaska","090","Fairbanks North Star","64.84569","-147.727413"
"03/12/2018","020900034","1","10.8","ug/m3 LC","45","1","100.0000","88101","PM2.5 - Local Conditions","21820","Fairbanks, AK","02","Alaska","090","Fairbanks North Star","64.84569","-147.727413"
"03/13/2018","020900034","1","10.4","ug/m3 LC","43","1","100.0000","88101","PM2.5 - Local Conditions","21820","Fairbanks, AK","02","Alaska","090","Fairbanks North Star","64.84569","-147.727413"
"03/14/2018","020900034","1","2.9","ug/m3 LC","12","1","100.0000","88101","PM2.5 - Local Conditions","21820","Fairbanks, AK","02","Alaska","090","Fairbanks North Star","64.84569","-147.727413"
"03/15/2018","020900034","1","4.6","ug/m3 LC","19","1","100.0000","88101","PM2.5 - Local Conditions","21820","Fairbanks, AK","02","Alaska","090","Fairbanks North Star","64.84569","-147.727413"
"03/16/2018","020900034","1","8","ug/m3 LC","33","1","100.0000","88101","PM2.5 - Local Conditions","21820","Fairbanks, AK","02","Alaska","090","Fairbanks North Star","64.84569","-147.727413"
"03/17/2018","020900034","1","6.4","ug/m3 LC","27","1","100.0000","88101","PM2.5 - Local Conditions","21820","Fairbanks, AK","02","Alaska","090","Fairbanks North Star","64.84569","-147.727413"
"03/18/2018","020900034","1","4.9","ug/m3 LC","20","1","100.0000","88101","PM2.5 - Local Conditions","21820","Fairbanks, AK","02","Alaska","090","Fairbanks North Star","64.84569","-147.727413"
"03/19/2018","020900034","1","4.6","ug/m3 LC","19","1","100.0000","88101","PM2.5 - Local Conditions","21820","Fairbanks, AK","02","Alaska","090","Fairbanks North Star","64.84569","-147.727413"
"03/20/2018","020900034","1","3.9","ug/m3 LC","16","1","100.0000","88101","PM2.5 - Local Conditions","21820","Fairbanks, AK","02","Alaska","090","Fairbanks North Star","64.84569","-147.727413"
"03/21/2018","020900034","1","6.5","ug/m3 LC","27","1","100.0000","88101","PM2.5 - Local Conditions","21820","Fairbanks, AK","02","Alaska","090","Fairbanks North Star","64.84569","-147.727413"
"03/22/2018","020900034","1","8.2","ug/m3 LC","34","1","100.0000","88101","PM2.5 - Local Conditions","21820","Fairbanks, AK","02","Alaska","090","Fairbanks North Star","64.84569","-147.727413"
"03/23/2018","020900034","1","6.1","ug/m3 LC","25","1","100.0000","88101","PM2.5 - Local Conditions","21820","Fairbanks, AK","02","Alaska","090","Fairbanks North Star","64.84569","-147.727413"
"03/24/2018","020900034","1","8.4","ug/m3 LC","35","1","100.0000","88101","PM2.5 - Local Conditions","21820","Fairbanks, AK","02","Alaska","090","Fairbanks North Star","64.84569","-147.727413"
"03/25/2018","020900034","1","4.6","ug/m3 LC","19","1","100.0000","88101","PM2.5 - Local Conditions","21820","Fairbanks, AK","02","Alaska","090","Fairbanks North Star","64.84569","-147.727413"
"03/26/2018","020900034","1","6.1","ug/m3 LC","25","1","100.0000","88101","PM2.5 - Local Conditions","21820","Fairbanks, AK","02","Alaska","090","Fairbanks North Star","64.84569","-147.727413"
"03/27/2018","020900034","1","8.4","ug/m3 LC","35","1","100.0000","88101","PM2.5 - Local Conditions","21820","Fairbanks, AK","02","Alaska","090","Fairbanks North Star","64.84569","-147.727413"
"03/28/2018","020900034","1","10.4","ug/m3 LC","43","1","100.0000","88101","PM2.5 - Local Conditions","21820","Fairbanks, AK","02","Alaska","090","Fairbanks North Star","64.84569","-147.727413"
"03/29/2018","020900034","1","6","ug/m3 LC","25","1","100.0000","88101","PM2.5 - Local Conditions","21820","Fairbanks, AK","02","Alaska","090","Fairbanks North Star","64.84569","-147.727413"
"03/30/2018","020900034","1","5.1","ug/m3 LC","21","1","100.0000","88101","PM2.5 - Local Conditions","21820","Fairbanks, AK","02","Alaska","090","Fairbanks North Star","64.84569","-147.727413"
"03/31/2018","020900034","1","5.1","ug/m3 LC","21","1","100.0000","88101","PM2.5 - Local Conditions","21820","Fairbanks, AK","02","Alaska","090","Fairbanks North Star","64.84569","-147.727413"
"01/02/2018","020900034","2","15.4","ug/m3 LC","58","1","100.0000","88101","PM2.5 - Local Conditions","21820","Fairbanks, AK","02","Alaska","090","Fairbanks North Star","64.84569","-147.727413"
"01/08/2018","020900034","2","18.7","ug/m3 LC","65","1","100.0000","88101","PM2.5 - Local Conditions","21820","Fairbanks, AK","02","Alaska","090","Fairbanks North Star","64.84569","-147.727413"
"01/14/2018","020900034","2","13.7","ug/m3 LC","54","1","100.0000","88101","PM2.5 - Local Conditions","21820","Fairbanks, AK","02","Alaska","090","Fairbanks North Star","64.84569","-147.727413"
"01/20/2018","020900034","2","2.4","ug/m3 LC","10","1","100.0000","88101","PM2.5 - Local Conditions","21820","Fairbanks, AK","02","Alaska","090","Fairbanks North Star","64.84569","-147.727413"
"01/26/2018","020900034","2","25.3","ug/m3 LC","79","1","100.0000","88101","PM2.5 - Local Conditions","21820","Fairbanks, AK","02","Alaska","090","Fairbanks North Star","64.84569","-147.727413"
"02/01/2018","020900034","2","26.9","ug/m3 LC","82","1","100.0000","88101","PM2.5 - Local Conditions","21820","Fairbanks, AK","02","Alaska","090","Fairbanks North Star","64.84569","-147.727413"
"02/07/2018","020900034","2","42","ug/m3 LC","117","1","100.0000","88101","PM2.5 - Local Conditions","21820","Fairbanks, AK","02","Alaska","090","Fairbanks North Star","64.84569","-147.727413"
"02/13/2018","020900034","2","1.6","ug/m3 LC","7","1","100.0000","88101","PM2.5 - Local Conditions","21820","Fairbanks, AK","02","Alaska","090","Fairbanks North Star","64.84569","-147.727413"
"02/19/2018","020900034","2","7.9","ug/m3 LC","33","1","100.0000","88101","PM2.5 - Local Conditions","21820","Fairbanks, AK","02","Alaska","090","Fairbanks North Star","64.84569","-147.727413"
"02/25/2018","020900034","2","1.3","ug/m3 LC","5","1","100.0000","88101","PM2.5 - Local Conditions","21820","Fairbanks, AK","02","Alaska","090","Fairbanks North Star","64.84569","-147.727413"
"03/03/2018","020900034","2","7.4","ug/m3 LC","31","1","100.0000","88101","PM2.5 - Local Conditions","21820","Fairbanks, AK","02","Alaska","090","Fairbanks North Star","64.84569","-147.727413"
"03/09/2018","020900034","2","4","ug/m3 LC","17","1","100.0000","88101","PM2.5 - Local Conditions","21820","Fairbanks, AK","02","Alaska","090","Fairbanks North Star","64.84569","-147.727413"
"03/15/2018","020900034","2","4.3","ug/m3 LC","18","1","100.0000","88101","PM2.5 - Local Conditions","21820","Fairbanks, AK","02","Alaska","090","Fairbanks North Star","64.84569","-147.727413"
"03/21/2018","020900034","2","6.9","ug/m3 LC","29","1","100.0000","88101","PM2.5 - Local Conditions","21820","Fairbanks, AK","02","Alaska","090","Fairbanks North Star","64.84569","-147.727413"
"03/27/2018","020900034","2","9.2","ug/m3 LC","38","1","100.0000","88101","PM2.5 - Local Conditions","21820","Fairbanks, AK","02","Alaska","090","Fairbanks North Star","64.84569","-147.727413"
"01/01/2018","020900035","1","60.2","ug/m3 LC","153","1","100.0000","88101","PM2.5 - Local Conditions","21820","Fairbanks, AK","02","Alaska","090","Fairbanks North Star","64.762973","-147.310297"
"01/02/2018","020900035","1","38.1","ug/m3 LC","107","1","100.0000","88101","PM2.5 - Local Conditions","21820","Fairbanks, AK","02","Alaska","090","Fairbanks North Star","64.762973","-147.310297"
"01/03/2018","020900035","1","42","ug/m3 LC","117","1","100.0000","88101","PM2.5 - Local Conditions","21820","Fairbanks, AK","02","Alaska","090","Fairbanks North Star","64.762973","-147.310297"
"01/04/2018","020900035","1","8.2","ug/m3 LC","34","1","100.0000","88101","PM2.5 - Local Conditions","21820","Fairbanks, AK","02","Alaska","090","Fairbanks North Star","64.762973","-147.310297"
"01/05/2018","020900035","1","30.4","ug/m3 LC","89","1","100.0000","88101","PM2.5 - Local Conditions","21820","Fairbanks, AK","02","Alaska","090","Fairbanks North Star","64.762973","-147.310297"
"01/06/2018","020900035","1","40","ug/m3 LC","112","1","100.0000","88101","PM2.5 - Local Conditions","21820","Fairbanks, AK","02","Alaska","090","Fairbanks North Star","64.762973","-147.310297"
"01/07/2018","020900035","1","52.8","ug/m3 LC","144","1","100.0000","88101","PM2.5 - Local Conditions","21820","Fairbanks, AK","02","Alaska","090","Fairbanks North Star","64.762973","-147.310297"
"01/08/2018","020900035","1","11.5","ug/m3 LC","48","1","100.0000","88101","PM2.5 - Local Conditions","21820","Fairbanks, AK","02","Alaska","090","Fairbanks North Star","64.762973","-147.310297"
"01/09/2018","020900035","1","5.8","ug/m3 LC","24","1","100.0000","88101","PM2.5 - Local Conditions","21820","Fairbanks, AK","02","Alaska","090","Fairbanks North Star","64.762973","-147.310297"
"01/13/2018","020900035","1","55","ug/m3 LC","149","1","100.0000","88101","PM2.5 - Local Conditions","21820","Fairbanks, AK","02","Alaska","090","Fairbanks North Star","64.762973","-147.310297"
"01/14/2018","020900035","1","37.1","ug/m3 LC","105","1","100.0000","88101","PM2.5 - Local Conditions","21820","Fairbanks, AK","02","Alaska","090","Fairbanks North Star","64.762973","-147.310297"
"01/15/2018","020900035","1","35.2","ug/m3 LC","100","1","100.0000","88101","PM2.5 - Local Conditions","21820","Fairbanks, AK","02","Alaska","090","Fairbanks North Star","64.762973","-147.310297"
"01/16/2018","020900035","1","24.7","ug/m3 LC","77","1","100.0000","88101","PM2.5 - Local Conditions","21820","Fairbanks, AK","02","Alaska","090","Fairbanks North Star","64.762973","-147.310297"
"01/17/2018","020900035","1","21.2","ug/m3 LC","70","1","100.0000","88101","PM2.5 - Local Conditions","21820","Fairbanks, AK","02","Alaska","090","Fairbanks North Star","64.762973","-147.310297"
"01/18/2018","020900035","1","12.8","ug/m3 LC","52","1","100.0000","88101","PM2.5 - Local Conditions","21820","Fairbanks, AK","02","Alaska","090","Fairbanks North Star","64.762973","-147.310297"
"01/19/2018","020900035","1","4.8","ug/m3 LC","20","1","100.0000","88101","PM2.5 - Local Conditions","21820","Fairbanks, AK","02","Alaska","090","Fairbanks North Star","64.762973","-147.310297"
"01/20/2018","020900035","1","2.9","ug/m3 LC","12","1","100.0000","88101","PM2.5 - Local Conditions","21820","Fairbanks, AK","02","Alaska","090","Fairbanks North Star","64.762973","-147.310297"
"01/21/2018","020900035","1","11.5","ug/m3 LC","48","1","100.0000","88101","PM2.5 - Local Conditions","21820","Fairbanks, AK","02","Alaska","090","Fairbanks North Star","64.762973","-147.310297"
"01/22/2018","020900035","1","6","ug/m3 LC","25","1","100.0000","88101","PM2.5 - Local Conditions","21820","Fairbanks, AK","02","Alaska","090","Fairbanks North Star","64.762973","-147.310297"
"01/23/2018","020900035","1","2.7","ug/m3 LC","11","1","100.0000","88101","PM2.5 - Local Conditions","21820","Fairbanks, AK","02","Alaska","090","Fairbanks North Star","64.762973","-147.310297"
"01/25/2018","020900035","1","9.4","ug/m3 LC","39","1","100.0000","88101","PM2.5 - Local Conditions","21820","Fairbanks, AK","02","Alaska","090","Fairbanks North Star","64.762973","-147.310297"
"01/26/2018","020900035","1","25","ug/m3 LC","78","1","100.0000","88101","PM2.5 - Local Conditions","21820","Fairbanks, AK","02","Alaska","090","Fairbanks North Star","64.762973","-147.310297"
"01/27/2018","020900035","1","28.9","ug/m3 LC","86","1","100.0000","88101","PM2.5 - Local Conditions","21820","Fairbanks, AK","02","Alaska","090","Fairbanks North Star","64.762973","-147.310297"
"01/28/2018","020900035","1","32.1","ug/m3 LC","93","1","100.0000","88101","PM2.5 - Local Conditions","21820","Fairbanks, AK","02","Alaska","090","Fairbanks North Star","64.762973","-147.310297"
"01/30/2018","020900035","1","18.8","ug/m3 LC","65","1","100.0000","88101","PM2.5 - Local Conditions","21820","Fairbanks, AK","02","Alaska","090","Fairbanks North Star","64.762973","-147.310297"
"01/31/2018","020900035","1","10","ug/m3 LC","42","1","100.0000","88101","PM2.5 - Local Conditions","21820","Fairbanks, AK","02","Alaska","090","Fairbanks North Star","64.762973","-147.310297"
"02/02/2018","020900035","1","47.1","ug/m3 LC","130","1","100.0000","88101","PM2.5 - Local Conditions","21820","Fairbanks, AK","02","Alaska","090","Fairbanks North Star","64.762973","-147.310297"
"02/03/2018","020900035","1","58.4","ug/m3 LC","152","1","100.0000","88101","PM2.5 - Local Conditions","21820","Fairbanks, AK","02","Alaska","090","Fairbanks North Star","64.762973","-147.310297"
"02/06/2018","020900035","1","54.6","ug/m3 LC","148","1","100.0000","88101","PM2.5 - Local Conditions","21820","Fairbanks, AK","02","Alaska","090","Fairbanks North Star","64.762973","-147.310297"
"02/08/2018","020900035","1","50.3","ug/m3 LC","137","1","100.0000","88101","PM2.5 - Local Conditions","21820","Fairbanks, AK","02","Alaska","090","Fairbanks North Star","64.762973","-147.310297"
"02/09/2018","020900035","1","54.4","ug/m3 LC","148","1","100.0000","88101","PM2.5 - Local Conditions","21820","Fairbanks, AK","02","Alaska","090","Fairbanks North Star","64.762973","-147.310297"
"02/10/2018","020900035","1","55.2","ug/m3 LC","150","1","100.0000","88101","PM2.5 - Local Conditions","21820","Fairbanks, AK","02","Alaska","090","Fairbanks North Star","64.762973","-147.310297"
"02/11/2018","020900035","1","18.4","ug/m3 LC","64","1","100.0000","88101","PM2.5 - Local Conditions","21820","Fairbanks, AK","02","Alaska","090","Fairbanks North Star","64.762973","-147.310297"
"02/12/2018","020900035","1","8.3","ug/m3 LC","35","1","100.0000","88101","PM2.5 - Local Conditions","21820","Fairbanks, AK","02","Alaska","090","Fairbanks North Star","64.762973","-147.310297"
"02/13/2018","020900035","1","1.7","ug/m3 LC","7","1","100.0000","88101","PM2.5 - Local Conditions","21820","Fairbanks, AK","02","Alaska","090","Fairbanks North Star","64.762973","-147.310297"
"02/14/2018","020900035","1","2.4","ug/m3 LC","10","1","100.0000","88101","PM2.5 - Local Conditions","21820","Fairbanks, AK","02","Alaska","090","Fairbanks North Star","64.762973","-147.310297"
"02/15/2018","020900035","1","3.4","ug/m3 LC","14","1","100.0000","88101","PM2.5 - Local Conditions","21820","Fairbanks, AK","02","Alaska","090","Fairbanks North Star","64.762973","-147.310297"
"02/16/2018","020900035","1","8.3","ug/m3 LC","35","1","100.0000","88101","PM2.5 - Local Conditions","21820","Fairbanks, AK","02","Alaska","090","Fairbanks North Star","64.762973","-147.310297"
"02/17/2018","020900035","1","6.2","ug/m3 LC","26","1","100.0000","88101","PM2.5 - Local Conditions","21820","Fairbanks, AK","02","Alaska","090","Fairbanks North Star","64.762973","-147.310297"
"02/18/2018","020900035","1","16","ug/m3 LC","59","1","100.0000","88101","PM2.5 - Local Conditions","21820","Fairbanks, AK","02","Alaska","090","Fairbanks North Star","64.762973","-147.310297"
"02/19/2018","020900035","1","6.7","ug/m3 LC","28","1","100.0000","88101","PM2.5 - Local Conditions","21820","Fairbanks, AK","02","Alaska","090","Fairbanks North Star","64.762973","-147.310297"
"02/20/2018","020900035","1","6.2","ug/m3 LC","26","1","100.0000","88101","PM2.5 - Local Conditions","21820","Fairbanks, AK","02","Alaska","090","Fairbanks North Star","64.762973","-147.310297"
"02/21/2018","020900035","1","14.5","ug/m3 LC","56","1","100.0000","88101","PM2.5 - Local Conditions","21820","Fairbanks, AK","02","Alaska","090","Fairbanks North Star","64.762973","-147.310297"
"02/22/2018","020900035","1","3.9","ug/m3 LC","16","1","100.0000","88101","PM2.5 - Local Conditions","21820","Fairbanks, AK","02","Alaska","090","Fairbanks North Star","64.762973","-147.310297"
"02/23/2018","020900035","1","6.4","ug/m3 LC","27","1","100.0000","88101","PM2.5 - Local Conditions","21820","Fairbanks, AK","02","Alaska","090","Fairbanks North Star","64.762973","-147.310297"
"02/24/2018","020900035","1","15.8","ug/m3 LC","59","1","100.0000","88101","PM2.5 - Local Conditions","21820","Fairbanks, AK","02","Alaska","090","Fairbanks North Star","64.762973","-147.310297"
"02/25/2018","020900035","1","1.7","ug/m3 LC","7","1","100.0000","88101","PM2.5 - Local Conditions","21820","Fairbanks, AK","02","Alaska","090","Fairbanks North Star","64.762973","-147.310297"
"02/26/2018","020900035","1","1.7","ug/m3 LC","7","1","100.0000","88101","PM2.5 - Local Conditions","21820","Fairbanks, AK","02","Alaska","090","Fairbanks North Star","64.762973","-147.310297"
"02/27/2018","020900035","1","3.2","ug/m3 LC","13","1","100.0000","88101","PM2.5 - Local Conditions","21820","Fairbanks, AK","02","Alaska","090","Fairbanks North Star","64.762973","-147.310297"
"02/28/2018","020900035","1","10","ug/m3 LC","42","1","100.0000","88101","PM2.5 - Local Conditions","21820","Fairbanks, AK","02","Alaska","090","Fairbanks North Star","64.762973","-147.310297"
"03/01/2018","020900035","1","26.8","ug/m3 LC","82","1","100.0000","88101","PM2.5 - Local Conditions","21820","Fairbanks, AK","02","Alaska","090","Fairbanks North Star","64.762973","-147.310297"
"03/02/2018","020900035","1","10","ug/m3 LC","42","1","100.0000","88101","PM2.5 - Local Conditions","21820","Fairbanks, AK","02","Alaska","090","Fairbanks North Star","64.762973","-147.310297"
"03/03/2018","020900035","1","8.5","ug/m3 LC","35","1","100.0000","88101","PM2.5 - Local Conditions","21820","Fairbanks, AK","02","Alaska","090","Fairbanks North Star","64.762973","-147.310297"
"03/04/2018","020900035","1","6.2","ug/m3 LC","26","1","100.0000","88101","PM2.5 - Local Conditions","21820","Fairbanks, AK","02","Alaska","090","Fairbanks North Star","64.762973","-147.310297"
"03/05/2018","020900035","1","10.5","ug/m3 LC","44","1","100.0000","88101","PM2.5 - Local Conditions","21820","Fairbanks, AK","02","Alaska","090","Fairbanks North Star","64.762973","-147.310297"
"03/06/2018","020900035","1","4.6","ug/m3 LC","19","1","100.0000","88101","PM2.5 - Local Conditions","21820","Fairbanks, AK","02","Alaska","090","Fairbanks North Star","64.762973","-147.310297"
"03/07/2018","020900035","1","14.6","ug/m3 LC","56","1","100.0000","88101","PM2.5 - Local Conditions","21820","Fairbanks, AK","02","Alaska","090","Fairbanks North Star","64.762973","-147.310297"
"03/08/2018","020900035","1","7.3","ug/m3 LC","30","1","100.0000","88101","PM2.5 - Local Conditions","21820","Fairbanks, AK","02","Alaska","090","Fairbanks North Star","64.762973","-147.310297"
"03/09/2018","020900035","1","2.3","ug/m3 LC","10","1","100.0000","88101","PM2.5 - Local Conditions","21820","Fairbanks, AK","02","Alaska","090","Fairbanks North Star","64.762973","-147.310297"
"03/10/2018","020900035","1","9.5","ug/m3 LC","40","1","100.0000","88101","PM2.5 - Local Conditions","21820","Fairbanks, AK","02","Alaska","090","Fairbanks North Star","64.762973","-147.310297"
"03/11/2018","020900035","1","19.7","ug/m3 LC","67","1","100.0000","88101","PM2.5 - Local Conditions","21820","Fairbanks, AK","02","Alaska","090","Fairbanks North Star","64.762973","-147.310297"
"03/12/2018","020900035","1","7.8","ug/m3 LC","33","1","100.0000","88101","PM2.5 - Local Conditions","21820","Fairbanks, AK","02","Alaska","090","Fairbanks North Star","64.762973","-147.310297"
"03/13/2018","020900035","1","8.9","ug/m3 LC","37","1","100.0000","88101","PM2.5 - Local Conditions","21820","Fairbanks, AK","02","Alaska","090","Fairbanks North Star","64.762973","-147.310297"
"03/14/2018","020900035","1","2","ug/m3 LC","8","1","100.0000","88101","PM2.5 - Local Conditions","21820","Fairbanks, AK","02","Alaska","090","Fairbanks North Star","64.762973","-147.310297"
"03/15/2018","020900035","1","3.9","ug/m3 LC","16","1","100.0000","88101","PM2.5 - Local Conditions","21820","Fairbanks, AK","02","Alaska","090","Fairbanks North Star","64.762973","-147.310297"
"03/16/2018","020900035","1","5.3","ug/m3 LC","22","1","100.0000","88101","PM2.5 - Local Conditions","21820","Fairbanks, AK","02","Alaska","090","Fairbanks North Star","64.762973","-147.310297"
"03/17/2018","020900035","1","8.3","ug/m3 LC","35","1","100.0000","88101","PM2.5 - Local Conditions","21820","Fairbanks, AK","02","Alaska","090","Fairbanks North Star","64.762973","-147.310297"
"03/18/2018","020900035","1","3.2","ug/m3 LC","13","1","100.0000","88101","PM2.5 - Local Conditions","21820","Fairbanks, AK","02","Alaska","090","Fairbanks North Star","64.762973","-147.310297"
"03/19/2018","020900035","1","4.6","ug/m3 LC","19","1","100.0000","88101","PM2.5 - Local Conditions","21820","Fairbanks, AK","02","Alaska","090","Fairbanks North Star","64.762973","-147.310297"
"03/20/2018","020900035","1","4.4","ug/m3 LC","18","1","100.0000","88101","PM2.5 - Local Conditions","21820","Fairbanks, AK","02","Alaska","090","Fairbanks North Star","64.762973","-147.310297"
"03/21/2018","020900035","1","7.3","ug/m3 LC","30","1","100.0000","88101","PM2.5 - Local Conditions","21820","Fairbanks, AK","02","Alaska","090","Fairbanks North Star","64.762973","-147.310297"
"03/22/2018","020900035","1","11.8","ug/m3 LC","49","1","100.0000","88101","PM2.5 - Local Conditions","21820","Fairbanks, AK","02","Alaska","090","Fairbanks North Star","64.762973","-147.310297"
"03/23/2018","020900035","1","7.4","ug/m3 LC","31","1","100.0000","88101","PM2.5 - Local Conditions","21820","Fairbanks, AK","02","Alaska","090","Fairbanks North Star","64.762973","-147.310297"
"03/24/2018","020900035","1","4.7","ug/m3 LC","20","1","100.0000","88101","PM2.5 - Local Conditions","21820","Fairbanks, AK","02","Alaska","090","Fairbanks North Star","64.762973","-147.310297"
"03/25/2018","020900035","1","2.5","ug/m3 LC","10","1","100.0000","88101","PM2.5 - Local Conditions","21820","Fairbanks, AK","02","Alaska","090","Fairbanks North Star","64.762973","-147.310297"
"03/26/2018","020900035","1","2.8","ug/m3 LC","12","1","100.0000","88101","PM2.5 - Local Conditions","21820","Fairbanks, AK","02","Alaska","090","Fairbanks North Star","64.762973","-147.310297"
"03/27/2018","020900035","1","6.6","ug/m3 LC","28","1","100.0000","88101","PM2.5 - Local Conditions","21820","Fairbanks, AK","02","Alaska","090","Fairbanks North Star","64.762973","-147.310297"
"03/28/2018","020900035","1","15.3","ug/m3 LC","58","1","100.0000","88101","PM2.5 - Local Conditions","21820","Fairbanks, AK","02","Alaska","090","Fairbanks North Star","64.762973","-147.310297"
"03/29/2018","020900035","1","2.4","ug/m3 LC","10","1","100.0000","88101","PM2.5 - Local Conditions","21820","Fairbanks, AK","02","Alaska","090","Fairbanks North Star","64.762973","-147.310297"
"03/30/2018","020900035","1","2.2","ug/m3 LC","9","1","100.0000","88101","PM2.5 - Local Conditions","21820","Fairbanks, AK","02","Alaska","090","Fairbanks North Star","64.762973","-147.310297"
"03/31/2018","020900035","1","6.1","ug/m3 LC","25","1","100.0000","88101","PM2.5 - Local Conditions","21820","Fairbanks, AK","02","Alaska","090","Fairbanks North Star","64.762973","-147.310297"
"01/02/2018","020900035","2","37","ug/m3 LC","105","1","100.0000","88101","PM2.5 - Local Conditions","21820","Fairbanks, AK","02","Alaska","090","Fairbanks North Star","64.762973","-147.310297"
"01/08/2018","020900035","2","11.9","ug/m3 LC","50","1","100.0000","88101","PM2.5 - Local Conditions","21820","Fairbanks, AK","02","Alaska","090","Fairbanks North Star","64.762973","-147.310297"
"01/14/2018","020900035","2","38.7","ug/m3 LC","109","1","100.0000","88101","PM2.5 - Local Conditions","21820","Fairbanks, AK","02","Alaska","090","Fairbanks North Star","64.762973","-147.310297"
"01/20/2018","020900035","2","2.7","ug/m3 LC","11","1","100.0000","88101","PM2.5 - Local Conditions","21820","Fairbanks, AK","02","Alaska","090","Fairbanks North Star","64.762973","-147.310297"
"01/26/2018","020900035","2","24.3","ug/m3 LC","77","1","100.0000","88101","PM2.5 - Local Conditions","21820","Fairbanks, AK","02","Alaska","090","Fairbanks North Star","64.762973","-147.310297"
"02/01/2018","020900035","2","44.8","ug/m3 LC","124","1","100.0000","88101","PM2.5 - Local Conditions","21820","Fairbanks, AK","02","Alaska","090","Fairbanks North Star","64.762973","-147.310297"
"02/07/2018","020900035","2","51.4","ug/m3 LC","140","1","100.0000","88101","PM2.5 - Local Conditions","21820","Fairbanks, AK","02","Alaska","090","Fairbanks North Star","64.762973","-147.310297"
"02/13/2018","020900035","2","1.3","ug/m3 LC","5","1","100.0000","88101","PM2.5 - Local Conditions","21820","Fairbanks, AK","02","Alaska","090","Fairbanks North Star","64.762973","-147.310297"
"02/19/2018","020900035","2","6.7","ug/m3 LC","28","1","100.0000","88101","PM2.5 - Local Conditions","21820","Fairbanks, AK","02","Alaska","090","Fairbanks North Star","64.762973","-147.310297"
"02/25/2018","020900035","2","1.8","ug/m3 LC","8","1","100.0000","88101","PM2.5 - Local Conditions","21820","Fairbanks, AK","02","Alaska","090","Fairbanks North Star","64.762973","-147.310297"
"03/03/2018","020900035","2","8.5","ug/m3 LC","35","1","100.0000","88101","PM2.5 - Local Conditions","21820","Fairbanks, AK","02","Alaska","090","Fairbanks North Star","64.762973","-147.310297"
"03/09/2018","020900035","2","2.2","ug/m3 LC","9","1","100.0000","88101","PM2.5 - Local Conditions","21820","Fairbanks, AK","02","Alaska","090","Fairbanks North Star","64.762973","-147.310297"
"03/15/2018","020900035","2","3.2","ug/m3 LC","13","1","100.0000","88101","PM2.5 - Local Conditions","21820","Fairbanks, AK","02","Alaska","090","Fairbanks North Star","64.762973","-147.310297"
"03/21/2018","020900035","2","7.3","ug/m3 LC","30","1","100.0000","88101","PM2.5 - Local Conditions","21820","Fairbanks, AK","02","Alaska","090","Fairbanks North Star","64.762973","-147.310297"
"03/27/2018","020900035","2","7","ug/m3 LC","29","1","100.0000","88101","PM2.5 - Local Conditions","21820","Fairbanks, AK","02","Alaska","090","Fairbanks North Star","64.762973","-147.310297"
"01/02/2018","020900035","4","36.7","ug/m3 LC","104","1","100.0000","88101","PM2.5 - Local Conditions","21820","Fairbanks, AK","02","Alaska","090","Fairbanks North Star","64.762973","-147.310297"
"01/05/2018","020900035","4","31.3","ug/m3 LC","91","1","100.0000","88101","PM2.5 - Local Conditions","21820","Fairbanks, AK","02","Alaska","090","Fairbanks North Star","64.762973","-147.310297"
"01/11/2018","020900035","4","55.5","ug/m3 LC","151","1","100.0000","88101","PM2.5 - Local Conditions","21820","Fairbanks, AK","02","Alaska","090","Fairbanks North Star","64.762973","-147.310297"
"01/17/2018","020900035","4","20.1","ug/m3 LC","68","1","100.0000","88101","PM2.5 - Local Conditions","21820","Fairbanks, AK","02","Alaska","090","Fairbanks North Star","64.762973","-147.310297"
"01/29/2018","020900035","4","36","ug/m3 LC","102","1","100.0000","88101","PM2.5 - Local Conditions","21820","Fairbanks, AK","02","Alaska","090","Fairbanks North Star","64.762973","-147.310297"
"02/04/2018","020900035","4","59.8","ug/m3 LC","153","1","100.0000","88101","PM2.5 - Local Conditions","21820","Fairbanks, AK","02","Alaska","090","Fairbanks North Star","64.762973","-147.310297"
"02/10/2018","020900035","4","57.2","ug/m3 LC","152","1","100.0000","88101","PM2.5 - Local Conditions","21820","Fairbanks, AK","02","Alaska","090","Fairbanks North Star","64.762973","-147.310297"
"02/16/2018","020900035","4","9.7","ug/m3 LC","40","1","100.0000","88101","PM2.5 - Local Conditions","21820","Fairbanks, AK","02","Alaska","090","Fairbanks North Star","64.762973","-147.310297"
"02/22/2018","020900035","4","3.3","ug/m3 LC","14","1","100.0000","88101","PM2.5 - Local Conditions","21820","Fairbanks, AK","02","Alaska","090","Fairbanks North Star","64.762973","-147.310297"
"02/28/2018","020900035","4","10.3","ug/m3 LC","43","1","100.0000","88101","PM2.5 - Local Conditions","21820","Fairbanks, AK","02","Alaska","090","Fairbanks North Star","64.762973","-147.310297"
"03/06/2018","020900035","4","5","ug/m3 LC","21","1","100.0000","88101","PM2.5 - Local Conditions","21820","Fairbanks, AK","02","Alaska","090","Fairbanks North Star","64.762973","-147.310297"
"03/12/2018","020900035","4","8.6","ug/m3 LC","36","1","100.0000","88101","PM2.5 - Local Conditions","21820","Fairbanks, AK","02","Alaska","090","Fairbanks North Star","64.762973","-147.310297"
"03/18/2018","020900035","4","3.1","ug/m3 LC","13","1","100.0000","88101","PM2.5 - Local Conditions","21820","Fairbanks, AK","02","Alaska","090","Fairbanks North Star","64.762973","-147.310297"
"03/24/2018","020900035","4","5.4","ug/m3 LC","23","1","100.0000","88101","PM2.5 - Local Conditions","21820","Fairbanks, AK","02","Alaska","090","Fairbanks North Star","64.762973","-147.310297"
"03/30/2018","020900035","4","2.3","ug/m3 LC","10","1","100.0000","88101","PM2.5 - Local Conditions","21820","Fairbanks, AK","02","Alaska","090","Fairbanks North Star","64.762973","-147.310297"
